OrderID,OrderDate,Category,Region,UnitsSold,UnitPrice,CustomerAge,Revenue
1490,2024-12-23 16:26:56.032064,Clothing,North,5.0,392.28,59.0,1961.3999999999999
1430,2024-11-09 19:08:32.224448,Sports,North,4.0,434.79,69.0,1739.16
1083,2024-02-29 23:31:08.537074,Books,North,2.0,385.3,63.0,770.6
1121,2024-03-28 18:36:47.615230,Clothing,North,21.0,33.63,59.0,706.23
1222,2024-06-10 15:40:45.691382,Electronics,South,75.125,17.17,38.0,1289.8962500000002
1148,2024-04-17 12:36:04.328657,Home & Kitchen,West,2.0,207.18,27.0,414.36
1033,2024-01-24 09:45:48.697394,Sports,East,37.0,472.31,20.0,17475.47
1386,2024-10-08 14:43:02.765531,Electronics,West,29.0,70.13,35.0,2033.77
1201,2024-05-26 07:01:19.358717,Clothing,North,26.0,481.68,63.0,12523.68
1482,2024-12-17 20:00:28.857715,Sports,South,49.0,327.36,52.0,16040.640000000001
1296,2024-08-03 18:45:27.054108,Books,East,41.0,56.94,19.0,2334.54
1262,2024-07-09 21:53:01.563126,Home & Kitchen,East,10.0,389.42,20.0,3894.2000000000003
1434,2024-11-12 17:21:45.811623,Home & Kitchen,West,34.0,33.26,67.0,1130.84
1475,2024-12-12 17:07:20.080160,Home & Kitchen,North,26.0,20.04,43.0,521.04
1460,2024-12-01 17:47:44.128256,Home & Kitchen,East,34.0,338.35,43.0,11503.900000000001
1458,2024-11-30 06:41:07.334669,Home & Kitchen,East,27.0,353.82,30.0,9553.14
1356,2024-09-16 16:03:50.861723,Home & Kitchen,West,33.0,326.91,42.0,10788.03
1467,2024-12-06 20:40:52.905811,Clothing,South,26.0,347.85,49.0,9044.1
1116,2024-03-25 02:50:15.631262,Books,West,41.0,92.38,21.0,3787.58
1404,2024-10-21 18:42:33.907815,Books,South,9.0,286.78999999999996,67.0,2581.1099999999997
1014,2024-01-10 12:12:59.158316,Clothing,East,45.0,297.16,46.0,13372.2
1275,2024-07-19 10:06:00.721442,Home & Kitchen,South,27.0,344.35,47.0,9297.45
1309,2024-08-13 06:58:26.212424,Books,West,19.0,286.78999999999996,35.0,5449.009999999999
1486,2024-12-20 18:13:42.444889,Home & Kitchen,North,34.0,28.86,46.0,981.24
1337,2024-09-02 18:31:01.322645,Electronics,South,10.0,265.57,31.0,2655.7
1498,2024-12-29 12:53:23.206412,Electronics,West,17.0,382.33,19.0,6499.61
1133,2024-04-06 13:16:28.376753,Sports,South,40.0,115.79,41.0,4631.6
1376,2024-10-01 07:09:58.797595,Home & Kitchen,East,7.0,437.34,21.0,3061.3799999999997
1260,2024-07-08 10:46:24.769539,Clothing,North,9.0,96.84,25.0,871.5600000000001
1269,2024-07-15 00:46:10.340681,Books,South,38.0,460.82,57.0,17511.16
1279,2024-07-22 08:19:14.308617,Home & Kitchen,North,24.0,36.78,39.0,882.72
1497,2024-12-28 19:20:04.809619,Home & Kitchen,East,43.0,404.88,18.0,17409.84
1302,2024-08-08 04:05:17.434869,Books,West,49.0,352.72,18.0,17283.280000000002
1147,2024-04-16 19:02:45.931863,Sports,East,47.0,48.06,56.0,2258.82
1026,2024-01-19 06:52:39.919839,Home & Kitchen,West,30.0,331.1,25.0,9933.0
1485,2024-12-20 00:40:24.048096,Electronics,West,35.0,499.71,69.0,17489.85
1314,2024-08-16 22:44:58.196392,Electronics,North,45.0,346.29,32.0,15583.050000000001
1247,2024-06-28 22:33:25.611222,Sports,South,1.0,201.81,22.0,201.81
1347,2024-09-10 02:04:05.290581,Home & Kitchen,North,8.0,95.15,31.0,761.2
1223,2024-06-11 09:14:04.088176,Home & Kitchen,South,33.0,15.95,25.0,526.35
1419,2024-11-01 18:02:09.859719,Books,North,14.0,310.49,33.0,4346.860000000001
1052,2024-02-07 07:18:38.236472,Sports,North,26.0,300.15,42.0,7803.9
1259,2024-07-07 17:13:06.372745,Clothing,East,47.0,275.975,42.0,12970.825
1428,2024-11-08 08:01:55.430861,Books,West,43.0,403.81,69.0,17363.83
1041,2024-01-30 06:12:15.871743,Sports,North,11.0,350.22,46.0,3852.42
1090,2024-03-06 02:24:17.314629,Home & Kitchen,North,9.0,147.18,33.0,1324.6200000000001
1207,2024-05-30 16:21:09.739478,Books,North,10.0,345.5,20.0,3455.0
1240,2024-06-23 19:40:16.833667,Books,North,29.0,140.26,40.0,4067.54
1483,2024-12-18 13:33:47.254509,Clothing,South,39.0,57.76,42.0,2252.64
1239,2024-06-23 02:06:58.436873,Books,East,9.0,328.98,42.0,2960.82
1480,2024-12-16 08:53:52.064128,Books,Unknown,11.0,331.15,35.0,3642.6499999999996
1311,2024-08-14 18:05:03.006012,Electronics,East,30.0,201.48,52.0,6044.4
1004,2024-01-03 04:39:55.190380,Books,North,40.0,42.19,24.0,1687.6
1180,2024-05-10 22:21:53.026052,Electronics,North,38.0,19.48,52.0,740.24
1249,2024-06-30 09:40:02.404809,Sports,East,37.0,492.07,46.0,18206.59
1293,2024-08-01 14:05:31.863727,Electronics,South,7.0,391.03,40.0,2737.21
1066,2024-02-17 13:04:55.791583,Sports,South,1.0,309.85,64.0,309.85
1139,2024-04-10 22:36:18.757515,Clothing,West,38.0,136.47,43.0,5185.86
1437,2024-11-14 22:01:41.002004,Clothing,North,11.0,24.48,52.0,269.28000000000003
1304,2024-08-09 15:11:54.228456,Books,South,1.0,9.84,20.0,9.84
1114,2024-03-23 15:43:38.837675,Home & Kitchen,West,8.0,258.78,53.0,2070.24
1469,2024-12-08 07:47:29.699398,Electronics,East,28.0,285.04,34.0,7981.120000000001
1169,2024-05-02 21:15:30.661322,Electronics,North,33.0,426.04,52.0,14059.320000000002
1102,2024-03-14 21:03:58.076152,Electronics,South,44.0,49.26,28.0,2167.44
1373,2024-09-29 02:30:03.607214,Clothing,East,31.0,222.11,21.0,6885.410000000001
1214,2024-06-04 19:14:18.517034,Clothing,East,26.0,312.35,21.0,8121.1
1406,2024-10-23 05:49:10.701402,Books,North,44.0,165.97,32.0,7302.68
1341,2024-09-05 16:44:14.909819,Electronics,West,33.0,127.32,52.0,4201.5599999999995
1461,2024-12-02 11:21:02.525050,Electronics,South,12.0,485.11,67.0,5821.32
1338,2024-09-03 12:04:19.719438,Sports,North,19.0,367.14,26.0,6975.66
1452,2024-11-25 21:21:16.953907,Sports,South,42.0,260.22,38.0,10929.240000000002
1194,2024-05-21 04:08:10.581162,Clothing,West,12.0,133.6,21.0,1603.1999999999998
1061,2024-02-13 21:18:23.807615,Clothing,West,33.0,272.05,62.0,8977.65
1417,2024-10-31 06:55:33.066132,Clothing,North,17.0,218.29,24.0,3710.93
1315,2024-08-17 16:18:16.593186,Clothing,North,29.0,401.29,39.0,11637.41
1119,2024-03-27 07:30:10.821643,Electronics,North,30.0,390.89,61.0,11726.699999999999
1370,2024-09-26 21:50:08.416833,Books,East,37.0,24.85,25.0,919.45
1426,2024-11-06 20:55:18.637274,Clothing,East,9.0,239.94,54.0,2159.46
1110,2024-03-20 17:30:25.250501,Home & Kitchen,South,75.125,119.68,24.0,8990.960000000001
1348,2024-09-10 19:37:23.687374,Electronics,North,1.0,395.9,37.0,395.9
1450,2024-11-24 10:14:40.160320,Clothing,South,12.0,434.62,55.0,5215.4400000000005
1362,2024-09-21 01:23:41.242484,Sports,South,32.0,234.0,69.0,7488.0
1091,2024-03-06 19:57:35.711422,Home & Kitchen,West,17.0,218.0,59.0,3706.0
1156,2024-04-23 09:02:31.503006,Electronics,East,7.0,42.68,22.0,298.76
1264,2024-07-11 08:59:38.356713,Electronics,East,41.0,423.17,47.0,17349.97
1307,2024-08-11 19:51:49.418837,Electronics,North,30.0,48.49,43.0,1454.7
1031,2024-01-22 22:39:11.903807,Home & Kitchen,North,31.0,114.5,63.0,3549.5
1023,2024-01-17 02:12:44.729458,Sports,East,4.0,437.11,43.0,1748.44
1306,2024-08-11 02:18:31.022044,Sports,East,13.0,261.27,40.0,3396.5099999999998
1032,2024-01-23 16:12:30.300601,Sports,West,40.0,493.9,26.0,19756.0
1238,2024-06-22 08:33:40.040080,Sports,South,31.0,341.85,52.0,10597.35
1327,2024-08-26 10:57:57.354709,Home & Kitchen,South,30.0,358.47,47.0,10754.1
1053,2024-02-08 00:51:56.633266,Sports,East,45.0,277.67,42.0,12495.150000000001
1491,2024-12-24 10:00:14.428857,Electronics,West,33.0,285.67,30.0,9427.11
1165,2024-04-29 23:02:17.074148,Home & Kitchen,South,27.0,137.18,39.0,3703.86
1217,2024-06-06 23:54:13.707414,Sports,East,12.0,486.88,19.0,5842.5599999999995
1163,2024-04-28 11:55:40.280561,Books,North,30.0,340.62,38.0,10218.6
1366,2024-09-23 23:36:54.829659,Books,East,46.0,215.62,23.0,9918.52
1057,2024-02-10 23:05:10.220440,Sports,West,26.0,173.24,63.0,4504.24
1471,2024-12-09 18:54:06.492985,Clothing,East,2.0,251.1,66.0,502.2
1003,2024-01-02 11:06:36.793587,Home & Kitchen,West,8.0,57.77,41.0,462.16
1059,2024-02-12 10:11:47.014028,Sports,South,19.0,37.35,61.0,709.65
1372,2024-09-28 08:56:45.210420,Sports,East,14.0,291.44,51.0,4080.16
1241,2024-06-24 13:13:35.230460,Home & Kitchen,South,14.0,218.0,47.0,3052.0
1268,2024-07-14 07:12:51.943887,Electronics,South,11.0,21.1,42.0,232.10000000000002
1500,2024-12-31 00:00:00.000000,Electronics,South,75.125,220.61,46.0,16573.326250000002
1075,2024-02-24 03:04:41.362725,Books,North,3.0,498.98,30.0,1496.94
1331,2024-08-29 09:11:10.941883,Home & Kitchen,East,8.0,44.66,31.0,357.28
1477,2024-12-14 04:13:56.873747,Sports,South,21.0,346.32,51.0,7272.72
1422,2024-11-03 22:42:05.050100,Sports,Unknown,2.0,87.97,21.0,175.94
1278,2024-07-21 14:45:55.911823,Home & Kitchen,North,44.0,248.34,23.0,10926.960000000001
1081,2024-02-28 12:24:31.743486,Books,West,10.0,437.47,65.0,4374.700000000001
1243,2024-06-26 00:20:12.024048,Electronics,East,41.0,219.01,25.0,8979.41
1027,2024-01-20 00:25:58.316633,Home & Kitchen,North,31.0,347.68,63.0,10778.08
1203,2024-05-27 18:07:56.152304,Electronics,West,27.0,318.15,57.0,8590.05
1213,2024-06-04 01:41:00.120240,Home & Kitchen,South,47.0,176.21,56.0,8281.87
1282,2024-07-24 12:59:09.498997,Books,North,6.0,399.79,56.0,2398.7400000000002
1354,2024-09-15 04:57:14.068136,Sports,North,37.0,498.19,50.0,18433.03
1365,2024-09-23 06:03:36.432865,Sports,East,32.0,372.64,58.0,11924.48
1146,2024-04-16 01:29:27.535070,Sports,North,33.0,277.67,53.0,9163.11
1421,2024-11-03 05:08:46.653306,Clothing,North,40.0,275.975,21.0,11039.0
1109,2024-03-19 23:57:06.853707,Home & Kitchen,North,35.0,495.63,48.0,17347.05
1051,2024-02-06 13:45:19.839679,Sports,East,8.0,23.32,53.0,186.56
1436,2024-11-14 04:28:22.605210,Sports,East,37.0,468.62,69.0,17338.94
1301,2024-08-07 10:31:59.038076,Books,South,40.0,286.78999999999996,26.0,11471.599999999999
1015,2024-01-11 05:46:17.555110,Sports,West,6.0,183.68,42.0,1102.08
1465,2024-12-05 09:34:16.112224,Clothing,North,45.0,434.73,42.0,19562.850000000002
1391,2024-10-12 06:29:34.749498,Electronics,South,5.0,485.84,42.0,2429.2
1115,2024-03-24 09:16:57.234468,Electronics,West,11.0,119.18,37.0,1310.98
1244,2024-06-26 17:53:30.420841,Home & Kitchen,North,22.0,472.09,39.0,10385.98
1060,2024-02-13 03:45:05.410821,Clothing,South,20.0,161.07,60.0,3221.3999999999996
1174,2024-05-06 13:02:02.645290,Sports,West,22.0,341.67,27.0,7516.740000000001
1099,2024-03-12 16:24:02.885771,Clothing,South,31.0,113.04,43.0,3504.2400000000002
1160,2024-04-26 07:15:45.090180,Home & Kitchen,East,47.0,298.24,61.0,14017.28
1250,2024-07-01 03:13:20.801603,Home & Kitchen,East,21.0,207.62,42.0,4360.02
1042,2024-01-30 23:45:34.268537,Electronics,North,4.0,152.19,43.0,608.76
1271,2024-07-16 11:52:47.134268,Home & Kitchen,North,7.0,399.29,37.0,2795.03
1205,2024-05-29 05:14:32.945891,Sports,West,20.0,55.74,50.0,1114.8
1218,2024-06-07 17:27:32.104208,Sports,North,26.0,484.59,22.0,12599.34
1080,2024-02-27 18:51:13.346693,Sports,West,23.0,315.62,21.0,7259.26
1029,2024-01-21 11:32:35.110220,Sports,East,9.0,128.59,27.0,1157.31
1345,2024-09-08 14:57:28.496993,Clothing,East,7.0,488.05,52.0,3416.35
1364,2024-09-22 12:30:18.036072,Books,South,14.0,364.95,52.0,5109.3
1257,2024-07-06 06:06:29.579158,Electronics,North,15.0,432.86,34.0,6492.900000000001
1466,2024-12-06 03:07:34.509018,Clothing,South,17.0,92.69,62.0,1575.73
1058,2024-02-11 16:38:28.617234,Clothing,North,4.0,363.76,67.0,1455.04
1427,2024-11-07 14:28:37.034068,Electronics,East,22.0,422.86,56.0,9302.92
1063,2024-02-15 08:25:00.601202,Books,North,49.0,162.78,40.0,7976.22
1388,2024-10-10 01:49:39.559118,Clothing,East,2.0,454.97,42.0,909.94
1112,2024-03-22 04:37:02.044088,Home & Kitchen,South,22.0,326.58,59.0,7184.759999999999
1085,2024-03-02 10:37:45.330661,Electronics,West,40.0,213.57,46.0,8542.8
1237,2024-06-21 15:00:21.643286,Electronics,Unknown,28.0,45.78,34.0,1281.8400000000001
1272,2024-07-17 05:26:05.531062,Electronics,Unknown,18.0,243.35,57.0,4380.3
1343,2024-09-07 03:50:51.703406,Home & Kitchen,Unknown,28.0,436.53,44.0,12222.84
1228,2024-06-15 01:00:36.072144,Clothing,West,44.0,225.72,61.0,9931.68
1130,2024-04-04 08:36:33.186372,Books,North,42.0,81.18,26.0,3409.5600000000004
1166,2024-04-30 16:35:35.470941,Clothing,East,36.0,439.92,65.0,15837.12
1097,2024-03-11 05:17:26.092184,Books,North,35.0,195.24,30.0,6833.400000000001
1489,2024-12-22 22:53:37.635270,Sports,West,22.0,436.02,38.0,9592.439999999999
1297,2024-08-04 12:18:45.450901,Books,East,49.0,124.81,58.0,6115.6900000000005
1142,2024-04-13 03:16:13.947895,Books,East,15.0,478.05,21.0,7170.75
1464,2024-12-04 16:00:57.715430,Clothing,West,10.0,224.66,35.0,2246.6
1188,2024-05-16 18:48:20.200400,Electronics,West,29.0,256.2,66.0,7429.799999999999
1369,2024-09-26 04:16:50.020040,Sports,East,4.0,493.89,51.0,1975.56
1221,2024-06-09 22:07:27.294589,Clothing,West,18.0,380.34,49.0,6846.12
1229,2024-06-15 18:33:54.468937,Home & Kitchen,North,36.0,140.45,20.0,5056.2
1323,2024-08-23 12:44:43.767535,Clothing,West,47.0,30.73,55.0,1444.31
1396,2024-10-15 22:16:06.733466,Books,North,3.0,436.02,68.0,1308.06
1360,2024-09-19 14:17:04.448897,Books,South,34.0,20.17,33.0,685.7800000000001
1082,2024-02-29 05:57:50.140280,Electronics,North,44.0,492.12,69.0,21653.28
1355,2024-09-15 22:30:32.464929,Clothing,West,3.0,487.52,53.0,1462.56
1322,2024-08-22 19:11:25.370741,Clothing,West,14.0,468.43,59.0,6558.02
1067,2024-02-18 06:38:14.188376,Clothing,North,26.0,275.975,32.0,7175.35
1435,2024-11-13 10:55:04.208416,Sports,North,23.0,267.93,42.0,6162.39
1415,2024-10-29 19:48:56.272545,Electronics,North,23.0,171.82,63.0,3951.8599999999997
1189,2024-05-17 12:21:38.597194,Electronics,South,8.0,8.16,28.0,65.28
1335,2024-09-01 07:24:24.529058,Sports,West,32.0,228.9,42.0,7324.8
1054,2024-02-08 18:25:15.030060,Books,East,44.0,64.68,65.0,2845.92
1172,2024-05-05 01:55:25.851703,Electronics,South,33.0,419.32,49.0,13837.56
1385,2024-10-07 21:09:44.368737,Books,East,36.0,367.89,37.0,13244.039999999999
1140,2024-04-11 16:09:37.154308,Books,North,33.0,69.11,42.0,2280.63
1274,2024-07-18 16:32:42.324649,Sports,North,34.0,66.97,18.0,2276.98
1285,2024-07-26 17:39:04.689378,Electronics,West,49.0,10.75,33.0,526.75
1439,2024-11-16 09:08:17.795591,Sports,East,18.0,228.84,44.0,4119.12
1295,2024-08-03 01:12:08.657314,Sports,South,20.0,242.85,62.0,4857.0
1233,2024-06-18 16:47:08.056112,Sports,West,37.0,85.99,40.0,3181.6299999999997
1100,2024-03-13 09:57:21.282565,Electronics,East,49.0,475.23,42.0,23286.27
1284,2024-07-26 00:05:46.292585,Sports,West,33.0,230.33,50.0,7600.89
1149,2024-04-18 06:09:22.725450,Clothing,North,14.0,189.48,42.0,2652.72
1016,2024-01-11 23:19:35.951903,Clothing,North,37.0,50.33,50.0,1862.21
1164,2024-04-29 05:28:58.677354,Electronics,South,39.0,285.04,34.0,11116.560000000001
1290,2024-07-30 09:25:36.673346,Sports,East,28.0,149.37,42.0,4182.360000000001
1047,2024-02-03 15:32:06.252505,Clothing,East,38.0,431.71,65.0,16404.98
1087,2024-03-03 21:44:22.124248,Electronics,East,20.0,123.19,45.0,2463.8
1038,2024-01-28 01:32:20.681362,Books,West,2.0,286.13,19.0,572.26
1423,2024-11-04 16:15:23.446893,Clothing,East,45.0,23.15,56.0,1041.75
1371,2024-09-27 15:23:26.813627,Clothing,North,21.0,434.18,38.0,9117.78
1425,2024-11-06 03:22:00.240480,Home & Kitchen,South,39.0,333.58,42.0,13009.619999999999
1446,2024-11-21 12:01:26.573146,Sports,West,17.0,482.73,22.0,8206.41
1294,2024-08-02 07:38:50.260521,Sports,South,17.0,24.61,67.0,418.37
1173,2024-05-05 19:28:44.248496,Clothing,West,4.0,350.25,28.0,1401.0
1074,2024-02-23 09:31:22.965931,Clothing,South,43.0,400.4,38.0,17217.2
1281,2024-07-23 19:25:51.102204,Clothing,South,7.0,138.15,25.0,967.0500000000001
1105,2024-03-17 01:43:53.266533,Electronics,East,9.0,472.64,61.0,4253.76
1358,2024-09-18 03:10:27.655310,Books,North,47.0,341.71,18.0,16060.369999999999
1254,2024-07-04 01:26:34.388777,Home & Kitchen,East,23.0,20.41,47.0,469.43
1017,2024-01-12 16:52:54.348697,Sports,East,33.0,459.07,66.0,15149.31
1447,2024-11-22 05:34:44.969939,Home & Kitchen,East,37.0,7.45,19.0,275.65000000000003
1092,2024-03-07 13:30:54.108216,Electronics,West,9.0,120.64,53.0,1085.76
1089,2024-03-05 08:50:58.917835,Sports,Unknown,37.0,180.54,25.0,6679.98
1387,2024-10-09 08:16:21.162324,Clothing,East,18.0,359.33,46.0,6467.94
1141,2024-04-12 09:42:55.551102,Electronics,North,23.0,444.93,54.0,10233.39
1195,2024-05-21 21:41:28.977955,Sports,Unknown,45.0,318.83,43.0,14347.349999999999
1206,2024-05-29 22:47:51.342685,Home & Kitchen,West,11.0,468.93,53.0,5158.2300000000005
1103,2024-03-15 14:37:16.472945,Sports,South,14.0,211.7,24.0,2963.7999999999997
1265,2024-07-12 02:32:56.753507,Sports,North,35.0,381.71,62.0,13359.849999999999
1175,2024-05-07 06:35:21.042084,Sports,West,2.0,277.67,26.0,555.34
1171,2024-05-04 08:22:07.454909,Electronics,West,27.0,355.64,24.0,9602.279999999999
1389,2024-10-10 19:22:57.955911,Electronics,North,1.0,93.94,49.0,93.94
1158,2024-04-24 20:09:08.296593,Books,North,42.0,250.1,66.0,10504.199999999999
1071,2024-02-21 04:51:27.775551,Electronics,South,11.0,437.98,68.0,4817.780000000001
1134,2024-04-07 06:49:46.773547,Books,North,8.0,270.8,59.0,2166.4
1455,2024-11-28 02:01:12.144288,Sports,West,27.0,74.13,56.0,2001.5099999999998
1379,2024-10-03 11:49:53.987975,Clothing,West,33.0,142.03,49.0,4686.99
1363,2024-09-21 18:56:59.639278,Sports,North,24.0,434.79,20.0,10434.960000000001
1246,2024-06-28 05:00:07.214428,Home & Kitchen,North,23.0,321.07,53.0,7384.61
1470,2024-12-09 01:20:48.096192,Sports,East,46.0,343.21,52.0,15787.66
1432,2024-11-11 06:15:09.018036,Electronics,West,29.0,60.4,55.0,1751.6
1353,2024-09-14 11:23:55.671342,Electronics,South,47.0,118.09,42.0,5550.2300000000005
1245,2024-06-27 11:26:48.817635,Home & Kitchen,North,11.0,212.77,61.0,2340.4700000000003
1019,2024-01-14 03:59:31.142284,Electronics,South,21.0,475.37,66.0,9982.77
1178,2024-05-09 11:15:16.232464,Electronics,West,10.0,441.03,42.0,4410.299999999999
1410,2024-10-26 04:02:24.288577,Sports,South,24.0,229.63,26.0,5511.12
1021,2024-01-15 15:06:07.935871,Clothing,West,6.0,96.64,61.0,579.84
1056,2024-02-10 05:31:51.823647,Electronics,East,6.0,349.66,23.0,2097.96
1320,2024-08-21 08:04:48.577154,Home & Kitchen,East,18.0,354.71,64.0,6384.78
1462,2024-12-03 04:54:20.921843,Clothing,East,45.0,51.48,62.0,2316.6
1368,2024-09-25 10:43:31.623246,Home & Kitchen,East,16.0,188.66,30.0,3018.56
1035,2024-01-25 20:52:25.490981,Home & Kitchen,West,24.0,354.26,43.0,8502.24
1182,2024-05-12 09:28:29.819639,Home & Kitchen,South,31.0,68.79,38.0,2132.4900000000002
1185,2024-05-14 14:08:25.010020,Clothing,South,45.0,84.58,59.0,3806.1
1151,2024-04-19 17:15:59.519038,Electronics,East,40.0,363.09,36.0,14523.599999999999
1208,2024-05-31 09:54:28.136272,Home & Kitchen,North,40.0,38.58,42.0,1543.1999999999998
1352,2024-09-13 17:50:37.274549,Clothing,North,8.0,361.0,19.0,2888.0
1095,2024-03-09 18:10:49.298597,Electronics,East,24.0,493.92,19.0,11854.08
1377,2024-10-02 00:43:17.194388,Sports,South,10.0,450.85,62.0,4508.5
1303,2024-08-08 21:38:35.831663,Electronics,North,7.0,282.03,28.0,1974.2099999999998
1098,2024-03-11 22:50:44.488977,Clothing,West,30.0,341.43,21.0,10242.9
1236,2024-06-20 21:27:03.246492,Clothing,East,49.0,114.28,55.0,5599.72
1405,2024-10-22 12:15:52.304609,Sports,North,34.0,330.08,48.0,11222.72
1442,2024-11-18 13:48:12.985971,Books,West,36.0,256.08,31.0,9218.88
1155,2024-04-22 15:29:13.106212,Home & Kitchen,South,3.0,343.21,67.0,1029.6299999999999
1123,2024-03-30 05:43:24.408817,Books,North,5.0,442.47,30.0,2212.3500000000004
1339,2024-09-04 05:37:38.116232,Books,West,46.0,45.41,32.0,2088.8599999999997
1079,2024-02-27 01:17:54.949899,Sports,East,5.0,242.54,31.0,1212.7
1062,2024-02-14 14:51:42.204408,Sports,North,20.0,396.41,38.0,7928.200000000001
1476,2024-12-13 10:40:38.476953,Books,West,29.0,465.82,21.0,13508.78
1126,2024-04-01 10:23:19.599198,Sports,North,26.0,91.08,39.0,2368.08
1319,2024-08-20 14:31:30.180360,Clothing,East,19.0,320.03,29.0,6080.57
1317,2024-08-19 03:24:53.386773,Home & Kitchen,South,16.0,87.9,69.0,1406.4
1496,2024-12-28 01:46:46.412825,Electronics,South,35.0,335.46,58.0,11741.099999999999
1431,2024-11-10 12:41:50.621242,Clothing,South,26.0,106.89,53.0,2779.14
1451,2024-11-25 03:47:58.557114,Home & Kitchen,North,23.0,230.1,32.0,5292.3
1418,2024-11-01 00:28:51.462925,Clothing,South,17.0,128.11,33.0,2177.8700000000003
1025,2024-01-18 13:19:21.523046,Electronics,East,11.0,404.25,52.0,4446.75
1329,2024-08-27 22:04:34.148296,Clothing,South,4.0,173.03,59.0,692.12
1440,2024-11-17 02:41:36.192384,Electronics,East,21.0,467.27,45.0,9812.67
1127,2024-04-02 03:56:37.995991,Books,East,4.0,201.14,45.0,804.56
1424,2024-11-05 09:48:41.843687,Clothing,West,25.0,369.52,57.0,9238.0
1328,2024-08-27 04:31:15.751503,Books,South,38.0,401.86,41.0,15270.68
1179,2024-05-10 04:48:34.629258,Books,West,33.0,436.56,19.0,14406.48
1444,2024-11-20 00:54:49.779559,Home & Kitchen,South,38.0,78.43,54.0,2980.34
1381,2024-10-04 22:56:30.781563,Clothing,West,21.0,456.62,45.0,9589.02
1224,2024-06-12 02:47:22.484969,Sports,Unknown,47.0,165.19,55.0,7763.93
1359,2024-09-18 20:43:46.052104,Electronics,South,8.0,40.74,63.0,325.92
1094,2024-03-09 00:37:30.901803,Home & Kitchen,West,15.0,13.85,35.0,207.75
1070,2024-02-20 11:18:09.378757,Sports,North,37.0,15.53,28.0,574.61
1037,2024-01-27 07:59:02.284569,Home & Kitchen,East,75.125,94.38,65.0,7090.2975
1161,2024-04-27 00:49:03.486973,Home & Kitchen,East,29.0,413.22,51.0,11983.380000000001
1012,2024-01-09 01:06:22.364729,Home & Kitchen,North,26.0,348.87,38.0,9070.62
1145,2024-04-15 07:56:09.138276,Sports,South,17.0,329.34,36.0,5598.78
1361,2024-09-20 07:50:22.845691,Sports,North,35.0,132.55,63.0,4639.25
1128,2024-04-02 21:29:56.392785,Sports,West,25.0,380.33,26.0,9508.25
1448,2024-11-22 23:08:03.366733,Electronics,South,25.0,476.15,44.0,11903.75
1010,2024-01-07 13:59:45.571142,Books,West,37.0,410.46,24.0,15187.019999999999
1382,2024-10-05 16:29:49.178356,Books,West,19.0,109.28,30.0,2076.32
1177,2024-05-08 17:41:57.835671,Home & Kitchen,West,5.0,83.51,30.0,417.55
1232,2024-06-17 23:13:49.659318,Electronics,South,5.0,228.44,19.0,1142.2
1211,2024-06-02 14:34:23.326653,Home & Kitchen,North,8.0,38.34,23.0,306.72
1129,2024-04-03 15:03:14.789579,Books,North,45.0,349.53,43.0,15728.849999999999
1144,2024-04-14 14:22:50.741482,Sports,West,25.0,405.71,41.0,10142.75
1242,2024-06-25 06:46:53.627254,Electronics,East,40.0,79.77,69.0,3190.7999999999997
1008,2024-01-06 02:53:08.777555,Home & Kitchen,East,42.0,220.24,18.0,9250.08
1299,2024-08-05 23:25:22.244488,Sports,Unknown,22.0,75.54,19.0,1661.88
1255,2024-07-04 18:59:52.785571,Electronics,South,1.0,327.58,33.0,327.58
1378,2024-10-02 18:16:35.591182,Clothing,Unknown,7.0,213.75,29.0,1496.25
1342,2024-09-06 10:17:33.306613,Sports,South,23.0,277.67,42.0,6386.410000000001
1009,2024-01-06 20:26:27.174348,Home & Kitchen,North,41.0,126.97,29.0,5205.7699999999995
1157,2024-04-24 02:35:49.899799,Sports,North,8.0,426.35,64.0,3410.8
1028,2024-01-20 17:59:16.713426,Clothing,North,24.0,425.35,31.0,10208.400000000001
1267,2024-07-13 13:39:33.547094,Sports,North,26.0,69.97,45.0,1819.22
1065,2024-02-16 19:31:37.394789,Clothing,East,47.0,443.56,33.0,20847.32
1256,2024-07-05 12:33:11.182364,Home & Kitchen,Unknown,40.0,187.42,29.0,7496.799999999999
1325,2024-08-24 23:51:20.561122,Electronics,South,28.0,285.04,62.0,7981.120000000001
1154,2024-04-21 21:55:54.709418,Electronics,North,6.0,113.99,50.0,683.9399999999999
1049,2024-02-05 02:38:43.046092,Clothing,North,15.0,162.95,32.0,2444.25
1209,2024-06-01 03:27:46.533066,Sports,South,38.0,153.98,42.0,5851.24
1288,2024-07-28 22:18:59.879759,Books,East,22.0,242.57,42.0,5336.54
1002,2024-01-01 17:33:18.396793,Books,West,47.0,386.6,18.0,18170.2
1270,2024-07-15 18:19:28.737474,Sports,East,2.0,310.24,22.0,620.48
1266,2024-07-12 20:06:15.150300,Electronics,North,25.0,314.98,40.0,7874.5
1334,2024-08-31 13:51:06.132264,Books,South,3.0,409.56,33.0,1228.68
1096,2024-03-10 11:44:07.695390,Home & Kitchen,East,38.0,216.75,66.0,8236.5
1473,2024-12-11 06:00:43.286573,Clothing,North,1.0,435.11,38.0,435.11
1305,2024-08-10 08:45:12.625250,Home & Kitchen,South,32.0,166.6,69.0,5331.2
1117,2024-03-25 20:23:34.028056,Clothing,North,37.0,114.14,24.0,4223.18
1046,2024-02-02 21:58:47.855711,Electronics,South,30.0,239.74,51.0,7192.200000000001
1162,2024-04-27 18:22:21.883767,Electronics,North,33.0,177.17,50.0,5846.61
1499,2024-12-30 06:26:41.603206,Electronics,East,45.0,399.92,65.0,17996.4
1118,2024-03-26 13:56:52.424849,Home & Kitchen,East,14.0,97.29,18.0,1362.0600000000002
1289,2024-07-29 15:52:18.276553,Home & Kitchen,West,26.0,302.01,51.0,7852.26
1078,2024-02-26 07:44:36.553106,Sports,South,10.0,203.96,42.0,2039.6000000000001
1402,2024-10-20 07:35:57.114228,Books,South,38.0,198.59,19.0,7546.42
1064,2024-02-16 01:58:18.997995,Clothing,South,12.0,314.82,60.0,3777.84
1459,2024-12-01 00:14:25.731462,Clothing,Unknown,40.0,104.92,38.0,4196.8
1397,2024-10-16 15:49:25.130260,Books,North,23.0,225.43,22.0,5184.89
1231,2024-06-17 05:40:31.262525,Clothing,North,4.0,215.96,23.0,863.84
1298,2024-08-05 05:52:03.847695,Home & Kitchen,South,20.0,218.0,42.0,4360.0
1187,2024-05-16 01:15:01.803607,Books,South,15.0,416.91,42.0,6253.650000000001
1120,2024-03-28 01:03:29.218436,Clothing,East,35.0,178.31,62.0,6240.85
1200,2024-05-25 13:28:00.961923,Sports,North,75.125,272.93,62.0,20503.86625
1351,2024-09-13 00:17:18.877755,Clothing,West,23.0,279.9,42.0,6437.7
1122,2024-03-29 12:10:06.012024,Sports,East,37.0,484.71,64.0,17934.27
1479,2024-12-15 15:20:33.667334,Books,North,40.0,111.76,65.0,4470.400000000001
1443,2024-11-19 07:21:31.382765,Home & Kitchen,South,41.0,25.58,42.0,1048.78
1308,2024-08-12 13:25:07.815631,Sports,North,23.0,178.56,21.0,4106.88
1472,2024-12-10 12:27:24.889779,Books,West,43.0,310.83,28.0,13365.689999999999
1159,2024-04-25 13:42:26.693386,Electronics,South,15.0,242.89,52.0,3643.35
1086,2024-03-03 04:11:03.727454,Electronics,North,2.0,370.1,64.0,740.2
1226,2024-06-13 13:53:59.278557,Electronics,North,43.0,386.35,67.0,16613.05
1263,2024-07-10 15:26:19.959919,Books,North,26.0,386.61,33.0,10051.86
1332,2024-08-30 02:44:29.338677,Clothing,East,29.0,447.93,23.0,12989.97
1411,2024-10-26 21:35:42.685370,Clothing,South,17.0,121.84,52.0,2071.28
1077,2024-02-25 14:11:18.156312,Electronics,North,6.0,384.76,36.0,2308.56
1398,2024-10-17 09:22:43.527054,Home & Kitchen,South,12.0,218.0,36.0,2616.0
1383,2024-10-06 10:03:07.575150,Electronics,West,48.0,313.37,48.0,15041.76
1088,2024-03-04 15:17:40.521042,Electronics,East,1.0,59.68,52.0,59.68
1183,2024-05-13 03:01:48.216432,Electronics,West,47.0,170.88,35.0,8031.36
1106,2024-03-17 19:17:11.663326,Books,South,34.0,236.36,27.0,8036.240000000001
1409,2024-10-25 10:29:05.891783,Books,Unknown,44.0,485.06,36.0,21342.64
1050,2024-02-05 20:12:01.442885,Sports,East,11.0,415.31,61.0,4568.41
1390,2024-10-11 12:56:16.352705,Clothing,West,47.0,122.58,46.0,5761.26
1006,2024-01-04 15:46:31.983967,Clothing,North,44.0,250.27,38.0,11011.880000000001
1018,2024-01-13 10:26:12.745490,Books,West,22.0,72.73,49.0,1600.0600000000002
1235,2024-06-20 03:53:44.849699,Electronics,North,42.0,348.37,19.0,14631.54
1413,2024-10-28 08:42:19.478957,Books,South,30.0,89.03,26.0,2670.9
1407,2024-10-23 23:22:29.098196,Electronics,North,35.0,387.87,26.0,13575.45
1107,2024-03-18 12:50:30.060120,Home & Kitchen,East,12.0,308.64,56.0,3703.68
1135,2024-04-08 00:23:05.170340,Home & Kitchen,South,39.0,298.51,42.0,11641.89
1414,2024-10-29 02:15:37.875751,Sports,South,75.125,262.29,45.0,19704.53625
1227,2024-06-14 07:27:17.675350,Clothing,Unknown,12.0,343.23,20.0,4118.76
1215,2024-06-05 12:47:36.913827,Home & Kitchen,West,46.0,27.64,30.0,1271.44
1191,2024-05-18 23:28:15.390781,Clothing,West,29.0,310.38,41.0,9001.02
1453,2024-11-26 14:54:35.350701,Books,South,22.0,246.98,27.0,5433.5599999999995
1321,2024-08-22 01:38:06.973947,Clothing,South,1.0,275.975,66.0,275.975
1283,2024-07-25 06:32:27.895791,Electronics,North,24.0,158.63,49.0,3807.12
1030,2024-01-22 05:05:53.507014,Sports,West,3.0,247.27,19.0,741.8100000000001
1170,2024-05-03 14:48:49.058116,Sports,Unknown,37.0,434.31,45.0,16069.47
1181,2024-05-11 15:55:11.422845,Electronics,West,13.0,413.78,24.0,5379.139999999999
1101,2024-03-14 03:30:39.679358,Sports,East,5.0,394.24,47.0,1971.2
1198,2024-05-24 02:21:24.168336,Electronics,East,31.0,57.96,49.0,1796.76
1210,2024-06-01 21:01:04.929859,Sports,East,6.0,277.67,50.0,1666.02
1136,2024-04-08 17:56:23.567134,Home & Kitchen,South,40.0,292.14,41.0,11685.599999999999
1484,2024-12-19 07:07:05.651302,Books,South,40.0,286.78999999999996,46.0,11471.599999999999
1441,2024-11-17 20:14:54.589178,Electronics,East,42.0,161.5,39.0,6783.0
1199,2024-05-24 19:54:42.565130,Books,North,36.0,381.71,56.0,13741.56
1374,2024-09-29 20:03:22.004008,Home & Kitchen,West,48.0,364.0,42.0,17472.0
1167,2024-05-01 10:08:53.867735,Sports,Unknown,29.0,399.73,54.0,11592.17
1395,2024-10-15 04:42:48.336673,Books,East,2.0,127.38,48.0,254.76
1137,2024-04-09 11:29:41.963927,Sports,West,14.0,50.29,33.0,704.06
1286,2024-07-27 11:12:23.086172,Books,South,29.0,40.86,29.0,1184.94
1336,2024-09-02 00:57:42.925851,Clothing,North,10.0,323.57,69.0,3235.7
1132,2024-04-05 19:43:09.979959,Books,North,18.0,116.1,27.0,2089.7999999999997
1040,2024-01-29 12:38:57.474949,Clothing,East,28.0,21.8,45.0,610.4
1216,2024-06-06 06:20:55.310621,Home & Kitchen,North,43.0,436.41,66.0,18765.63
1044,2024-02-01 10:52:11.062124,Clothing,South,6.0,485.67,29.0,2914.02
1055,2024-02-09 11:58:33.426853,Home & Kitchen,South,5.0,43.09,40.0,215.45000000000002
1488,2024-12-22 05:20:19.238476,Home & Kitchen,North,24.0,206.42,59.0,4954.08
1300,2024-08-06 16:58:40.641282,Electronics,North,75.125,251.95,44.0,18927.743749999998
1468,2024-12-07 14:14:11.302605,Home & Kitchen,South,21.0,419.87,53.0,8817.27
1036,2024-01-26 14:25:43.887775,Books,North,31.0,463.0,42.0,14353.0
1316,2024-08-18 09:51:34.989979,Clothing,South,30.0,104.07,54.0,3122.1
1400,2024-10-18 20:29:20.320641,Clothing,South,5.0,298.51,27.0,1492.55
1310,2024-08-14 00:31:44.609218,Books,East,32.0,43.9,23.0,1404.8
1277,2024-07-20 21:12:37.515030,Books,East,43.0,104.26,37.0,4483.18
1125,2024-03-31 16:50:01.202404,Electronics,South,14.0,497.48,38.0,6964.72
1143,2024-04-13 20:49:32.344689,Sports,North,33.0,431.75,67.0,14247.75
1111,2024-03-21 11:03:43.647294,Electronics,West,40.0,471.65,66.0,18866.0
1324,2024-08-24 06:18:02.164328,Electronics,Unknown,2.0,272.94,35.0,545.88
1333,2024-08-30 20:17:47.735470,Electronics,East,39.0,276.06,20.0,10766.34
1394,2024-10-14 11:09:29.939879,Electronics,East,42.0,248.68,36.0,10444.56
1474,2024-12-11 23:34:01.683366,Books,East,36.0,287.45,69.0,10348.199999999999
1108,2024-03-19 06:23:48.456913,Sports,North,35.0,87.68,30.0,3068.8
1456,2024-11-28 19:34:30.541082,Clothing,East,31.0,275.975,22.0,8555.225
1013,2024-01-09 18:39:40.761523,Books,North,34.0,139.71,36.0,4750.14
1273,2024-07-17 22:59:23.927855,Electronics,South,27.0,63.07,61.0,1702.89
1048,2024-02-04 09:05:24.649298,Books,South,2.0,286.78999999999996,54.0,573.5799999999999
1204,2024-05-28 11:41:14.549098,Electronics,North,5.0,466.35,54.0,2331.75
1478,2024-12-14 21:47:15.270541,Electronics,East,11.0,339.87,69.0,3738.57
1022,2024-01-16 08:39:26.332665,Books,West,48.0,273.24,55.0,13115.52
1403,2024-10-21 01:09:15.511022,Electronics,North,30.0,285.04,28.0,8551.2
1084,2024-03-01 17:04:26.933867,Books,South,13.0,211.79,44.0,2753.27
1131,2024-04-05 02:09:51.583166,Home & Kitchen,West,25.0,408.84,32.0,10221.0
1457,2024-11-29 13:07:48.937875,Books,East,6.0,157.43,18.0,944.58
1494,2024-12-26 14:40:09.619238,Electronics,North,20.0,205.05,34.0,4101.0
1330,2024-08-28 15:37:52.545090,Clothing,East,1.0,408.34,47.0,408.34
1230,2024-06-16 12:07:12.865731,Sports,South,48.0,498.58,42.0,23931.84
1287,2024-07-28 04:45:41.482965,Sports,West,43.0,199.28,55.0,8569.04
1124,2024-03-30 23:16:42.805611,Home & Kitchen,West,19.0,464.24,39.0,8820.56
1034,2024-01-25 03:19:07.094188,Electronics,North,36.0,285.04,38.0,10261.44
1005,2024-01-03 22:13:13.587174,Books,South,49.0,365.45,42.0,17907.05
1412,2024-10-27 15:09:01.082164,Clothing,North,10.0,41.38,38.0,413.8
1020,2024-01-14 21:32:49.539078,Sports,East,6.0,225.77,52.0,1354.6200000000001
1220,2024-06-09 04:34:08.897795,Electronics,South,40.0,69.39,44.0,2775.6
1380,2024-10-04 05:23:12.384769,Books,West,23.0,298.21,49.0,6858.83
1420,2024-11-02 11:35:28.256513,Sports,East,9.0,277.67,50.0,2499.03
1357,2024-09-17 09:37:09.258517,Sports,West,28.0,103.77,31.0,2905.56
1150,2024-04-18 23:42:41.122244,Sports,West,40.0,133.58,35.0,5343.200000000001
1225,2024-06-12 20:20:40.881763,Electronics,North,40.0,246.88,25.0,9875.2
1248,2024-06-29 16:06:44.008016,Electronics,North,46.0,140.74,30.0,6474.040000000001
1454,2024-11-27 08:27:53.747494,Books,East,21.0,335.1,40.0,7037.1
1152,2024-04-20 10:49:17.915831,Electronics,East,39.0,250.46,42.0,9767.94
1493,2024-12-25 21:06:51.222444,Sports,Unknown,47.0,439.87,58.0,20673.89
1318,2024-08-19 20:58:11.783567,Clothing,East,40.0,56.76,59.0,2270.4
1292,2024-07-31 20:32:13.466933,Electronics,South,49.0,430.76,50.0,21107.239999999998
1234,2024-06-19 10:20:26.452905,Sports,East,8.0,398.43,61.0,3187.44
1011,2024-01-08 07:33:03.967935,Sports,West,6.0,400.71,32.0,2404.2599999999998
1280,2024-07-23 01:52:32.705410,Home & Kitchen,Unknown,25.0,293.08,35.0,7327.0
1072,2024-02-21 22:24:46.172344,Books,East,36.0,266.82,32.0,9605.52
1253,2024-07-03 07:53:15.991983,Sports,Unknown,36.0,277.67,59.0,9996.12
1093,2024-03-08 07:04:12.505010,Home & Kitchen,South,11.0,25.84,47.0,284.24
1492,2024-12-25 03:33:32.825651,Books,Unknown,36.0,370.53,66.0,13339.079999999998
1350,2024-09-12 06:44:00.480961,Books,South,24.0,251.61,27.0,6038.64
1416,2024-10-30 13:22:14.669338,Books,East,32.0,415.3,68.0,13289.6
1375,2024-09-30 13:36:40.400801,Electronics,East,18.0,245.9,32.0,4426.2
1401,2024-10-19 14:02:38.717434,Home & Kitchen,North,37.0,85.94,42.0,3179.7799999999997
1193,2024-05-20 10:34:52.184368,Sports,North,4.0,317.75,36.0,1271.0
1258,2024-07-06 23:39:47.975951,Books,North,21.0,239.24,33.0,5024.04
1495,2024-12-27 08:13:28.016032,Books,North,19.0,166.88,26.0,3170.72
1340,2024-09-04 23:10:56.513026,Sports,East,34.0,34.87,38.0,1185.58
1068,2024-02-19 00:11:32.585170,Clothing,West,14.0,17.08,42.0,239.11999999999998
1196,2024-05-22 15:14:47.374749,Home & Kitchen,East,2.0,272.29,55.0,544.58
1344,2024-09-07 21:24:10.100200,Sports,South,75.125,113.51,19.0,8527.438750000001
1138,2024-04-10 05:03:00.360721,Clothing,North,32.0,439.34,66.0,14058.88
1261,2024-07-09 04:19:43.166332,Clothing,South,9.0,434.97,37.0,3914.7300000000005
1039,2024-01-28 19:05:39.078156,Electronics,Unknown,20.0,458.17,23.0,9163.4
1463,2024-12-03 22:27:39.318637,Books,East,7.0,337.94,38.0,2365.58
1202,2024-05-27 00:34:37.755511,Home & Kitchen,North,43.0,174.23,53.0,7491.889999999999
1481,2024-12-17 02:27:10.460921,Electronics,East,36.0,199.96,57.0,7198.56
1291,2024-07-31 02:58:55.070140,Home & Kitchen,South,21.0,349.02,53.0,7329.42
1449,2024-11-23 16:41:21.763527,Electronics,West,38.0,321.36,38.0,12211.68
1190,2024-05-18 05:54:56.993987,Home & Kitchen,West,5.0,147.08,56.0,735.4000000000001
1252,2024-07-02 14:19:57.595190,Sports,North,46.0,118.83,33.0,5466.18
1113,2024-03-22 22:10:20.440881,Books,South,29.0,305.83,59.0,8869.07
1438,2024-11-15 15:34:59.398797,Home & Kitchen,West,6.0,65.44,24.0,392.64
1184,2024-05-13 20:35:06.613226,Clothing,West,36.0,373.04,20.0,13429.44
1153,2024-04-21 04:22:36.312625,Electronics,West,6.0,45.12,27.0,270.71999999999997
1313,2024-08-16 05:11:39.799599,Clothing,East,49.0,285.93,60.0,14010.57
1326,2024-08-25 17:24:38.957915,Electronics,South,49.0,436.13,52.0,21370.37
1192,2024-05-19 17:01:33.787575,Books,North,47.0,490.69,63.0,23062.43
1045,2024-02-02 04:25:29.458917,Clothing,East,49.0,472.41,22.0,23148.09
1445,2024-11-20 18:28:08.176352,Books,Unknown,34.0,493.38,39.0,16774.92
1276,2024-07-20 03:39:19.118236,Home & Kitchen,North,17.0,218.0,38.0,3706.0
1007,2024-01-05 09:19:50.380761,Home & Kitchen,East,19.0,345.76,32.0,6569.44
1251,2024-07-01 20:46:39.198396,Electronics,North,26.0,447.58,64.0,11637.08
1312,2024-08-15 11:38:21.402805,Home & Kitchen,East,29.0,70.69,39.0,2050.0099999999998
1076,2024-02-24 20:37:59.759519,Clothing,Unknown,33.0,178.6,39.0,5893.8
1001,2024-01-01 00:00:00.000000,Sports,South,34.0,277.67,28.0,9440.78
1429,2024-11-09 01:35:13.827655,Books,North,46.0,294.75,46.0,13558.5
1392,2024-10-13 00:02:53.146292,Books,North,20.0,94.58,19.0,1891.6
1384,2024-10-07 03:36:25.971943,Sports,North,19.0,317.62,31.0,6034.78
1433,2024-11-11 23:48:27.414829,Sports,North,45.0,138.53,56.0,6233.85
1069,2024-02-19 17:44:50.981963,Sports,South,38.0,435.7,53.0,16556.6
1487,2024-12-21 11:47:00.841683,Electronics,North,47.0,488.7,55.0,22968.899999999998
1168,2024-05-02 03:42:12.264529,Home & Kitchen,East,38.0,330.93,32.0,12575.34
1393,2024-10-13 17:36:11.543086,Books,South,11.0,427.92,40.0,4707.12
1219,2024-06-08 11:00:50.501002,Electronics,South,13.0,376.08,61.0,4889.04
1043,2024-01-31 17:18:52.665330,Sports,South,15.0,462.58,42.0,6938.7
1367,2024-09-24 17:10:13.226452,Sports,Unknown,43.0,176.24,42.0,7578.320000000001
1346,2024-09-09 08:30:46.893787,Clothing,North,29.0,171.76,35.0,4981.04
1073,2024-02-22 15:58:04.569138,Books,South,13.0,469.84,21.0,6107.92
1024,2024-01-17 19:46:03.126252,Electronics,South,30.0,367.45,28.0,11023.5
1399,2024-10-18 02:56:01.923847,Sports,West,20.0,182.82,51.0,3656.3999999999996
1186,2024-05-15 07:41:43.406813,Sports,West,24.0,409.89,56.0,9837.36
1349,2024-09-11 13:10:42.084168,Clothing,West,3.0,331.06,35.0,993.1800000000001
1104,2024-03-16 08:10:34.869739,Clothing,East,11.0,440.16,48.0,4841.76
1408,2024-10-24 16:55:47.494989,Sports,West,22.0,69.78,40.0,1535.16
1212,2024-06-03 08:07:41.723446,Sports,South,23.0,293.17,58.0,6742.910000000001
1197,2024-05-23 08:48:05.771543,Home & Kitchen,South,27.0,391.02,59.0,10557.539999999999
1176,2024-05-08 00:08:39.438877,Clothing,South,10.0,377.59,31.0,3775.8999999999996
